Timestamp,How confident are you in your current ability to generate diverse and original ideas during problem-solving activities?,To what extent do you currently employ creative thinking in generating ideas for academic projects?,How often do you explore new perspectives or unconventional approaches in your creative process?,"How comfortable are you with using creative methods (e.g., brainstorming, mind mapping) to enhance your idea generation process?",How would you rate your ability to critically analyze problems in your academic work?,How confident are you in making reasoned judgments when evaluating different solutions to a problem?,To what extent do you currently apply analytical thinking in breaking down complex problems?,"How often do you engage in reflective thinking (e.g., evaluating your thought process) during problem-solving?",How confident are you in your ability to develop innovative solutions to complex problems?,"To what extent do you rely on structured methods (e.g., Design Thinking, systematic problem-solving) to solve problems?",How effective are you at prototyping and testing solutions in your academic projects?,"How often do you encounter challenges during problem-solving, and how effectively do you overcome them?","How familiar are you with the ethical issues surrounding the use of AI in academic and professional contexts (e.g., data privacy, intellectual property)?",To what extent do you currently consider ethical implications when using AI tools?,How confident are you in applying ethical considerations to your academic work involving AI?,How often do you reflect on the ethical aspects of your work involving AI technologies?,How familiar are you with AI tools and their applications in solving academic problems?,How often do you use AI tools in your academic work?,How comfortable are you with applying Design Thinking principles in your problem-solving process?,To what extent do you integrate AI tools within the Design Thinking framework in your academic projects?
11/19/2024 10:12:03,Slightly Confident,Slightly,Rarely,Slightly Comfortable,Fair,Slightly Confident,Moderately,Rarely,Neutral,Slightly,Slightly Effective,Often Overcome Challenges,Slightly Familiar,Slightly,Slightly Confident,Rarely,Slightly Familiar,Sometimes,Slightly Comfortable,Slightly
11/19/2024 10:13:27,Neutral,Moderately,Sometimes,Slightly Comfortable,Fair,Slightly Confident,Moderately,Sometimes,Slightly Confident,Slightly,Very Effective,Sometimes Overcome Challenges,Moderately Familiar,Moderately,Very Confident,Always,Very Familiar,Often,Neutral,Significantly
11/19/2024 10:14:16,Confident,Moderately,Rarely,Slightly Comfortable,Good,Confident,Slightly,Sometimes,Confident,Not at All,Slightly Effective,Often Overcome Challenges,Not Familiar at All,Slightly,Neutral,Sometimes,Moderately Familiar,Often,Not Comfortable at All,Not at All
11/19/2024 10:17:36,Neutral,Moderately,Often,Comfortable,Fair,Slightly Confident,Moderately,Often,Neutral,Slightly,Moderately Effective,Often Overcome Challenges,Very Familiar,Significantly,Confident,Often,Extremely Familiar,Often,Neutral,Moderately
11/19/2024 10:19:18,Slightly Confident,Not at All,Sometimes,Slightly Comfortable,Fair,Confident,Moderately,Sometimes,Confident,Not at All,Moderately Effective,Sometimes Overcome Challenges,Slightly Familiar,Slightly,Slightly Confident,Rarely,Moderately Familiar,Often,Not Comfortable at All,Not at All
11/20/2024 15:02:57,Confident,Significantly,Often,Comfortable,Good,Confident,Significantly,Often,Confident,Significantly,Very Effective,Often Overcome Challenges,Very Familiar,Significantly,Confident,Often,Very Familiar,Sometimes,Neutral,Moderately
11/20/2024 15:05:15,Confident,Slightly,Often,Slightly Comfortable,Good,Neutral,Significantly,Sometimes,Neutral,Slightly,Moderately Effective,Often Overcome Challenges,Slightly Familiar,Slightly,Neutral,Often,Very Familiar,Sometimes,Slightly Comfortable,Slightly
11/24/2024 22:22:54,Slightly Confident,Moderately,Sometimes,Slightly Comfortable,Fair,Neutral,Moderately,Rarely,Confident,Slightly,Moderately Effective,Often Overcome Challenges,Slightly Familiar,Slightly,Slightly Confident,Rarely,Moderately Familiar,Sometimes,Slightly Comfortable,Slightly
11/30/2024 15:41:24,Confident,Very Significantly,Always,Comfortable,Good,Confident,Very Significantly,Always,Confident,Significantly,Very Effective,Often Overcome Challenges,Very Familiar,Significantly,Very Confident,Always,Very Familiar,Often,Comfortable,Significantly
11/30/2024 16:19:14,Slightly Confident,Moderately,Rarely,Neutral,Fair,Neutral,Moderately,Sometimes,Slightly Confident,Moderately,Moderately Effective,Sometimes Overcome Challenges,Very Familiar,Moderately,Neutral,Sometimes,Moderately Familiar,Often,Neutral,Moderately
11/30/2024 18:30:14,Slightly Confident,Moderately,Sometimes,Slightly Comfortable,Fair,Confident,Moderately,Sometimes,Neutral,Slightly,Moderately Effective,Sometimes Overcome Challenges,Slightly Familiar,Slightly,Slightly Confident,Never,Slightly Familiar,Often,Slightly Comfortable,Not at All
11/30/2024 18:36:55,Slightly Confident,Slightly,Rarely,Slightly Comfortable,Fair,Slightly Confident,Slightly,Sometimes,Slightly Confident,Slightly,Moderately Effective,Sometimes Overcome Challenges,Not Familiar at All,Slightly,Slightly Confident,Rarely,Moderately Familiar,Often,Comfortable,Moderately
11/19/2024 10:12:03,Slightly Confident,Slightly,Rarely,Slightly Comfortable,Fair,Slightly Confident,Moderately,Rarely,Neutral,Slightly,Slightly Effective,Often Overcome Challenges,Slightly Familiar,Slightly,Slightly Confident,Rarely,Slightly Familiar,Sometimes,Slightly Comfortable,Slightly
11/19/2024 10:13:27,Neutral,Moderately,Sometimes,Slightly Comfortable,Fair,Slightly Confident,Moderately,Sometimes,Slightly Confident,Slightly,Very Effective,Sometimes Overcome Challenges,Moderately Familiar,Moderately,Very Confident,Always,Very Familiar,Often,Neutral,Significantly
11/19/2024 10:14:16,Confident,Moderately,Rarely,Slightly Comfortable,Good,Confident,Slightly,Sometimes,Confident,Not at All,Slightly Effective,Often Overcome Challenges,Not Familiar at All,Slightly,Neutral,Sometimes,Moderately Familiar,Often,Not Comfortable at All,Not at All
11/19/2024 10:17:36,Neutral,Moderately,Often,Comfortable,Fair,Slightly Confident,Moderately,Often,Neutral,Slightly,Moderately Effective,Often Overcome Challenges,Very Familiar,Significantly,Confident,Often,Extremely Familiar,Often,Neutral,Moderately
11/19/2024 10:19:18,Slightly Confident,Not at All,Sometimes,Slightly Comfortable,Fair,Confident,Moderately,Sometimes,Confident,Not at All,Moderately Effective,Sometimes Overcome Challenges,Slightly Familiar,Slightly,Slightly Confident,Rarely,Moderately Familiar,Often,Not Comfortable at All,Not at All
11/20/2024 15:02:57,Confident,Significantly,Often,Comfortable,Good,Confident,Significantly,Often,Confident,Significantly,Very Effective,Often Overcome Challenges,Very Familiar,Significantly,Confident,Often,Very Familiar,Sometimes,Neutral,Moderately
11/20/2024 15:05:15,Confident,Slightly,Often,Slightly Comfortable,Good,Neutral,Significantly,Sometimes,Neutral,Slightly,Moderately Effective,Often Overcome Challenges,Slightly Familiar,Slightly,Neutral,Often,Very Familiar,Sometimes,Slightly Comfortable,Slightly
11/24/2024 22:22:54,Slightly Confident,Moderately,Sometimes,Slightly Comfortable,Fair,Neutral,Moderately,Rarely,Confident,Slightly,Moderately Effective,Often Overcome Challenges,Slightly Familiar,Slightly,Slightly Confident,Rarely,Moderately Familiar,Sometimes,Slightly Comfortable,Slightly
11/30/2024 15:41:24,Confident,Very Significantly,Always,Comfortable,Good,Confident,Very Significantly,Always,Confident,Significantly,Very Effective,Often Overcome Challenges,Very Familiar,Significantly,Very Confident,Always,Very Familiar,Often,Comfortable,Significantly
11/30/2024 16:19:14,Slightly Confident,Moderately,Rarely,Neutral,Fair,Neutral,Moderately,Sometimes,Slightly Confident,Moderately,Moderately Effective,Sometimes Overcome Challenges,Very Familiar,Moderately,Neutral,Sometimes,Moderately Familiar,Often,Neutral,Moderately
11/30/2024 18:30:14,Slightly Confident,Moderately,Sometimes,Slightly Comfortable,Fair,Confident,Moderately,Sometimes,Neutral,Slightly,Moderately Effective,Sometimes Overcome Challenges,Slightly Familiar,Slightly,Slightly Confident,Never,Slightly Familiar,Often,Slightly Comfortable,Not at All
11/30/2024 18:36:55,Slightly Confident,Slightly,Rarely,Slightly Comfortable,Fair,Slightly Confident,Slightly,Sometimes,Slightly Confident,Slightly,Moderately Effective,Sometimes Overcome Challenges,Not Familiar at All,Slightly,Slightly Confident,Rarely,Moderately Familiar,Often,Comfortable,Moderately
